path,one_line_summary
BLOGS_README.md,# ブログ一覧と参照プロンプト 📚 このREADMEはリポジトリ内 `blogs.yml` に定義された各ブログの**特徴**と、参照される**プロンプトファイル**を一覧化したものです。 設定変更や新規ブログ追加の際の参照にしてください。 --- ## 使い方 🔧 - 設定は `blogs.yml` にあります。ブログごとに `prompt_file` と `profile_prompt_file` を指定しています。 - プロンプトの実体は通常 `config/prompts/` や `data/` に配置されています。 - ブログを追加・編集する場合は `blogs.yml` を更新し、
blog_initializer.py,"import os import re import yaml from typing import Dict, Any from sqlalchemy.orm import sessionmaker from src.database import db, Blog def _resolve_env_placeholders(value: Any) -> Any: """"""${ENV_VAR} を実際の環境変数で展開する。辞書/配列/文字列を再帰的に処理。"""""" if isinstance(value, str): # ${VAR_NAME} を検出して置換 def repl(match: r"
env_loader.py,""""""" Unified YAML environment loader for the whole project. Loads repo_root/config/env.yml into process environment (non-destructive: only sets when unset). Also loads .env files (.env.production, .env.blog1, etc.) if they exist. """""" from __future__ import annotations import os from pathlib import Pa"
find_gemini_models_per_key.py,"#!/usr/bin/env python3 """""" 各APIキーごとに利用可能なGeminiモデル一覧を取得し、利用可能なモデル名を表示する """""" import os import google.generativeai as genai # .env.productionからAPIキーを取得 api_keys = os.environ.get(""GEMINI_API_KEYS"", """").split("","") api_keys = [k.strip() for k in api_keys if k.strip()] print(""=== Gemini APIキーごとの利用可能モデル一覧 "
GET_NOTE_COOKIES.md,# note.com Cookie 取得手順 ## ステップ 1: ブラウザで note.com にログイン 1. Chrome/Firefox/Edge で https://note.com にアクセス 2. ログイン (メール＋パスワード) 3. ダッシュボードまで進む ## ステップ 2: Cookie を取得 ### Chrome/Edge の場合: 1. F12 キーで DevTools を開く 2. **Console** タブを選択 3. 下記のコマンドを貼り付けして実行: ```javascript const cookies = {}; document.cookie.spl
inspect_blog_post.py,"import requests from bs4 import BeautifulSoup import sys url = ""https://lifehacking1919.hatenablog.jp/entry/20251125/1764066943"" try: response = requests.get(url) response.raise_for_status() soup = BeautifulSoup(response.content, 'html.parser') # Title title = soup.find('h1', class_='entry-title') p"
localgemini.md,GeminiのWeb UI（`gemini.google.com`）をバックエンドとして利用し、ローカルのREST API経由で操作したいということですね。これは\*\*「既存のWebサイトをAPI化する（Web API Wrapper）」\*\*という手法です。 前回提案した\*\*「2. WebSocket / HTTP Server」\*\*の構成がまさにこれに最適です。 以下のアーキテクチャで実装コードを作成しました。 ### アーキテクチャ図（データの流れ） 1. **Client (Postman/Pythonなど)** `POST /api/ask` → **Local Serv
LOCAL_LLM_HYBRID_STRATEGY.md,# 🔧 ローカルLLM統合 - 最適化戦略 ## 📋 実行結果報告 ### 🎯 最終的な戦略変更 Phi-3 miniの応答性の問題を踏まえ、**ハイブリッド戦略**に変更しました： | タスク | LLM選択 | 理由 | |--------|--------|------| | **BlogSelector** ⭐ | ローカルLLM（Phi-3） | 単純な選択肢（3-9個）から1つ選ぶ→軽い | | ArticleConceptDefiner | Gemini | コンセプト分析が複雑、品質重要 | | AffiliateLinker | Gemini | キーワード抽出の精度が重要 
PROMPT_LOGGING_GUIDE.py,"#!/usr/bin/env python3 # -*- coding: utf-8 -*- """""" Summary Report: Prompt Logging Implementation This script demonstrates that prompt logging is working correctly """""" import sys from pathlib import Path # Add project root to path project_root = Path(__file__).parent sys.path.insert(0, str(project_ro"
README.md,"# Hatena Blog Suite A comprehensive automated blog post generation and management system for Hatena Blog. This system integrates LLMs (Gemini, Claude) to generate high-quality, narrative-driven content, fetch web and video summaries, and publish directly to Hatena Blog. ## Features - **Automated Con"
REFACTORING_PLAN.md,# 生成AI処理の実装フロー調査とリファクタリング計画 調査の結果、各処理における生成AI呼び出しの実装状況は以下の通りです。 ## 1. 調査結果: 実装コンプライアンス状況 | 処理 | 要求仕様 | 現状の実装 | 判定 | | :--- | :--- | :--- | :--- | | **画像解析** | **ClaudeServiceを使用すること** | `GeminiService.analyze_image_from_path` は `Claude4Service` または `ClaudeService` に処理を委譲しています。 | **✅ 準拠** | | **テキスト生
requirements.txt,# Web Framework flask==3.0.0 flask-sqlalchemy==3.1.1 # LINE Bot SDK line-bot-sdk==3.6.0 # Type hints support typing-extensions>=4.0.0 # AI/ML google-generativeai>=0.8.0 python-gemini-api>=0.1.0 pillow>=10.0.0 anthropic>=0.25.0 magic_hour>=0.42.0 # HTTP & API requests==2.31.0 python-multipart==0.0.6 
restart_with_fixes.py,"#!/usr/bin/env python3 """""" Fix: Run the workflow with improved BlogSelector """""" import os import sys import time # Check if Ollama is running print(""="" * 70) print(""WORKFLOW RESTART - BLOG SELECTOR TIMEOUT FIX"") print(""="" * 70) print() # Test Ollama connection print(""[1/3] Checking Ollama connection"
run_demo.py,""""""" Demo Workflow Runner - ワークフローエンジンのデモ実行スクリプト このスクリプトを実行すると、ワークフローエンジンの動作を確認できます。 """""" import sys from pathlib import Path # プロジェクトルートをパスに追加 project_root = Path(__file__).parent sys.path.insert(0, str(project_root)) from src.services.framework.task_runner import TaskRunner from src.services.framewo"
run_extraction_demo.py,"import os import sys import logging import yaml # プロジェクトルートをパスに追加 sys.path.insert(0, os.path.abspath(""."")) from src.framework.task_runner import TaskRunner # ログ設定 logging.basicConfig(level=logging.INFO, format='%(asctime)s | %(levelname)-8s | %(name)-30s | %(message)s') def main(): # ワークフローファイルのパス w"
run_rag_tests.py,""""""" RAG自動更新機能の全テスト実行スクリプト このスクリプトは、RAG自動更新機能に関連する全てのテストを実行し、 レポートを生成します。 """""" import sys import os import pytest from pathlib import Path # プロジェクトのルートをパスに追加 project_root = Path(__file__).parent sys.path.insert(0, str(project_root)) def run_all_tests(): """"""全てのRAG関連テストを実行"""""" print(""="" * 70) print(""🧪 RA"
run_with_file_logs.py,"#!/usr/bin/env python3 # -*- coding: utf-8 -*- """""" Application Logger with File Output Logs both to console and file for persistent viewing """""" import sys import logging import io import os from pathlib import Path from datetime import datetime # Add project root to path project_root = Path(__file__"
SETUP_STATUS.md,# 🚀 ローカルLLM セットアップ - 実行状況 ## ✅ 実行完了項目 ### 1️⃣ 環境確認 - ✅ Python モジュール全て インポート可能 - ✅ 環境変数設定完了 - ✅ ドキュメント＆テストスクリプト配置完了 ### 2️⃣ Docker 起動 - ⏳ Ollama コンテナ起動中... - ⏳ Qwen2.5 7B モデルダウンロード中... （初回は 3-5 分程度かかります） --- ## 📊 現在の状態 ``` 🔌 Ollama サーバー: http://localhost:11434 📦 モデル: qwen2.5:7b（ダウンロード中） ⚙️ LLM_PROVID
USER_NOTIFICATIONS.md,"**呼び出し側向け: ローカルAPI仕様** - **Base URL:** `http://localhost:3000` ### POST /api/ask - 概要: プロンプトを送信し、Gemini の応答（テキスト＋画像候補）を受け取る - Headers: `Content-Type: application/json` - Request body: ```json { ""prompt"": ""画像生成の説明やテキスト"" } ``` - Success (200): ```json { ""status"":""success"", ""answer"":{ ""text"":""..."", ""im"
.github/LLM_BEST_PRACTICES.md,"# LLM Model Usage & Error Handling Best Practices This document outlines the best practices for using LLM models (specifically Gemini) in this project, based on lessons learned from rate limit issues and safety filter blocks. ## 1. Model Selection Strategy ### ❌ DO NOT Hardcode Model Names Avoid spe"
.pytest_cache/README.md,"# pytest cache directory # This directory contains data from the pytest's cache plugin, which provides the `--lf` and `--ff` options, as well as the `cache` fixture. **Do not** commit this to version control. See [the docs](https://docs.pytest.org/en/stable/how-to/cache.html) for more information."
alembic/env.py,"from logging.config import fileConfig from sqlalchemy import engine_from_config from sqlalchemy import pool from alembic import context # this is the Alembic Config object, which provides # access to the values within the .ini file in use. config = context.config # Interpret the config file for Pyth"
alembic/versions/19a7552ef238_rename_metadata_to_additional_metadata_.py,"""""""Rename metadata to additional_metadata in StructuredPost Revision ID: 19a7552ef238 Revises: Create Date: 2025-11-28 12:23:54.928232 """""" from typing import Sequence, Union from alembic import op import sqlalchemy as sa # revision identifiers, used by Alembic. revision: str = '19a7552ef238' down_re"
config/prompts/blog_profile_kaigot_erotic.txt,"読者プロファイル: 女性（主婦層）、落ち着いた大人の読者を想定します。 トーン/指示: - 文体は繊細で親しみやすく、心理描写や感情の揺らぎを丁寧に描写してください。 - ""やや官能的"" な要素を取り入れる際は、露骨な表現を避け、心情の機微や余韻を重視してください。 - ユーザーの好み（例: 生々しい日記系 / 文学寄り / 露骨さ重視）があればそれを優先して調整してください。 参考作家（作風の目安）: - 団鬼六、宇能鴻一郎、森瑤子、花房観音、桜木紫乃 - Anaïs Nin、Emmanuelle Arsan、E.L. James 注意: - 公序良俗に反する露骨な性的描写や違法行為の助長は"
config/prompts/blog_profile_motochan_kansai_self_deprec.txt,ペルソナ: 中年男性（関西芸人の語り口を反映）。 音・語り口: - 軽い関西イントネーションや関西弁の単語を時折混ぜる（完全な方言にする必要はない）。 - ツッコミ・自虐の間（まど）を大事にして、語りのテンポで笑わせる。 感情・世界観: - 自意識過剰・劣等感・報われなさをユーモアに変換する「自虐」を軸にする。 - エモーショナルな内省を避けないが、最後は笑いで救いを示したり、寒い落ちで逆説的な余韻を残す。 - 「官能」は扱わない。性的表現や過度にセンシティブな描写は避ける。 文体・狙い: - 又吉直樹のような“自虐が文学になる”鋭さと、若林正恭のような自己分析の丁寧さを参考にする。 - 劇団
config/prompts/blog_profile_yamasan_shiba_historian_neutral.txt,ペルソナ: エンジニア的視点を持つ語り手。司馬遼太郎に近い“歴史を書く作家”の文体と、中性的で感情を前面に出さない観察を融合。 音・語り口: - 語りは冷静で中性。冗長な感情表現は避ける。 - 専門的・機能的な記述を好み、登場人物の心理よりも構造・必然・因果を重視する。 視点・世界観: - 歴史や事象を『システム』や『流れ』として読む視点を採用する。 - 感情移入を強要せず、対象を俯瞰的に分析する。 - 個人の物語より、事件や時代の必然性・構造を描くことを優先する。 文体・表現: - 簡潔で論理的な文体（工程説明やアーキテクチャの解説に似た明晰さ）。 - 古典的な日本語表現を軽く用いることは許
config/prompts/unified_article_generation.json,"{ ""template"": ""以下の入力を用いて高品質なブログ記事(JSON)を生成してください。\n必ず次のキー構造のみを持つ単一のJSONオブジェクトを出力: title(string), body(string: HTML本文), quality_assessment(object: overall_pass(boolean), reasons?(string))\n禁止: JSON以外の文字, 前後の説明, コードフェンス, マークダウン。\n制約:\n- bodyは許可タグのみ: <p>,<h2>,<h3>,<ul>,<li>,<strong>,<em>,<a>,<img> (閉じ忘"
docs/dev_custom_llm_api_failure.md,# カスタムLLM API `/api/ask` 400 応答報告 **概要** - 発生日: 2025-12-15 - 報告対象: ローカルのカスタムLLM API (`/api/ask`) がテスト実行時に HTTP 400 を返し、アプリのフォールバック経路が失敗しました。Cookie ベースの Gemini クライアントも初期化に失敗しているため、全体としてテキスト生成が停止します。 **影響範囲** - `generate_text()` のカスタムLLMフォールバック経路（`CUSTOM_LLM_API_URL` / `LOCAL_GEMINI_API_URL`）が 400 を返し
docs/getcookie.md,"PS C:\Users\motoc\gemini-api-wrapper> Invoke-RestMethod -Uri 'http://localhost:3000/api/request_cookies' ` >> -Method Post ` >> -ContentType 'application/json' ` >> -Body '{""url"":""https://gemini.google.com/"",""names"":[""__Secure-1PSID""]}' | ConvertTo-Json -Depth 5 { ""success"": true, ""cookies"": [ { ""na"
docs/guideapi.md,# Gemini Image Retriever A Python module to retrieve images from a custom Gemini API endpoint. ## Installation ```bash pip install requests python-dotenv ``` ## Usage ### As a Module ```python from gemini_image_retriever import GeminiImageRetriever retriever = GeminiImageRetriever() image_path = ret
docs/NOTE_AUTO_POST_GUIDE.md,# note.com 自動投稿機能 ## 概要 このシステムは、生成されたブログ記事を [note.com](https://note.com) に自動的に下書きとして投稿できます。 非公式 API を使用しており、Cookie 認証をサポートしています。 ## セットアップ ### 1. Cookie の取得 note.com への投稿には、ログイン状態のセッション Cookie が必要です。 #### 手動 Cookie 取得方法（推奨） 1. ブラウザで [note.com](https://note.com/login) にログイン 2. ブラウザの開発者ツールを開く（`F12` キー
docs/refact.md,# 生成AI処理の実装フロー調査とリファクタリング計画 調査の結果、各処理における生成AI呼び出しの実装状況は以下の通りです。 ## 1. 調査結果: 実装コンプライアンス状況 | 処理 | 要求仕様 | 現状の実装 | 判定 | | :--- | :--- | :--- | :--- | | **画像解析** | **ClaudeServiceを使用すること** | `GeminiService.analyze_image_from_path` は `Claude4Service` または `ClaudeService` に処理を委譲しています。 | **✅ 準拠** | | **テキスト生
docs/thumbnail_generator_task_ja.md,# サムネイル生成タスク このドキュメントでは、`ThumbnailGeneratorTask` モジュールについて説明します。このモジュールは、記事のサムネイル画像を生成し、記事の内容に追加する役割を果たします。 ## 概要 `ThumbnailGeneratorTask` は、記事のタイトル、内容、およびサムネイル生成用のプロンプトを入力として受け取り、サムネイル画像を生成して記事の先頭に追加します。 ### 主な機能 - サムネイル画像の生成 - 記事内容の先頭にサムネイルを埋め込む - 再投稿記事の場合、既存のサムネイルを検出してスキップ - 設定に基づくサムネイル生成の有効/無効化 
llm_api_server/env_loader.py,"import os from pathlib import Path from dotenv import load_dotenv def load_env_for_llm_api_server(): env_path = Path(__file__).parent.parent / "".env.production"" if env_path.exists(): load_dotenv(dotenv_path=env_path, override=True) else: print(f""[WARN] .env.production not found at {env_path}"") # LLM"
llm_api_server/main.py,"from fastapi import FastAPI, BackgroundTasks from pydantic import BaseModel from typing import Optional import asyncio import uuid import os import logging import time import google.generativeai as genai from anthropic import Anthropic, APIError from PIL import Image # Configure logging logging.basi"
llm_api_server/README.md,# LLM API Server README ## 概要 - FastAPIベースの非同期LLM APIサーバ - テキスト生成/動画解析など用途別エンドポイント - 非同期バッファリング（ジョブキュー） - モデル/トークン自動切替 - セキュリティなし、textのみ返却 ## 起動方法 ```sh cd llm_api_server pip install -r requirements.txt uvicorn main:app --reload --host 0.0.0.0 --port 8001 ``` ## エンドポイント ### POST /generate_text - 入力:
llm_api_server/requirements.txt,fastapi uvicorn pydantic anthropic google-generativeai Pillow
llm_api_server/USAGE.md,# LLM API Server 利用方法ドキュメント ## 概要 - FastAPIベースの非同期LLM APIサーバ - テキスト生成（Gemini/Claude自動切替）、画像解析、動画解析（ダミー） - 非同期バッファリング（ジョブIDで結果取得） - セキュリティなし、textのみ返却 ## 起動方法 ```sh cd llm_api_server pip install -r requirements.txt uvicorn main:app --reload --host 0.0.0.0 --port 8001 ``` ## .env.production - プロジェクトルート
log_viewer_app/app.py,"from flask import Flask, render_template, request, jsonify import os import json app = Flask(__name__) LOG_DIR = os.path.join(os.path.dirname(__file__), '..', 'logs', 'posts') @app.route('/') def index(): files = [f for f in os.listdir(LOG_DIR) if f.endswith('.jsonl')] return render_template('index."
log_viewer_app/README.md,# Geminiログビューア Gemini APIのログ（logs/posts/*.jsonl）を閲覧するためのWebアプリです。 ## 起動方法 1. 必要なパッケージをインストール ```pwsh pip install -r requirements.txt ``` 2. アプリを起動 ```pwsh python app.py ``` 3. ブラウザで `http://localhost:5000` を開く ## 機能 - ログファイル選択 - プロンプト・レスポンス・モジュール名・user_id・timestampの表示 - user_id/timestampによる絞り込み
log_viewer_app/requirements.txt,flask
models/self_blog_entries_meta.json,"{ ""model"": ""self_blog_entries"", ""docs"": 20, ""trained_at"": ""2025-11-27T08:43:00.360941"", ""features"": 1835, ""config"": { ""max_features"": 8000, ""ngram_range"": [ 1, 2 ] } }"
scripts/cleanup_oneline_files.py,"#!/usr/bin/env python3 """"""Backup and delete all '.oneline' files under the repo. Usage: python scripts/cleanup_oneline_files.py --root . --backup-dir scripts/oneline_backup --dry-run By default this will move files into the backup dir preserving relative paths (so originals are removed). Use --dry-r"
scripts/cleanup_project_files.py,"#!/usr/bin/env python3 """""" Project File Cleanup Script Based on the file necessity judgment report, this script performs the following actions: - Deletes files marked as ""削除可"" (deletable) - Moves files marked as ""アーカイブ検討"" (archive consideration) to an archive directory - Leaves files marked as ""維持"" "
scripts/convert_to_oneline.py,"#!/usr/bin/env python3 """"""Utility: convert files to a single-line version by removing newlines. Usage: python scripts/convert_to_oneline.py <file_or_dir> [--out-suffix .oneline] This writes a new file alongside the original with the given suffix. """""" import argparse import sys from pathlib import Pa"
scripts/convert_to_utf8.py,import sys from pathlib import Path root = Path(__file__).resolve().parents[1] changed = [] for p in sorted(root.rglob('*.py')): b = p.read_bytes() try: b.decode('utf-8') # already utf-8 continue except Exception: try: s = b.decode('cp932') # backup backup = p.with_suffix(p.suffix + '.bak') if not b
scripts/create_tables.py,"import sys from pathlib import Path ROOT = Path(__file__).resolve().parents[1] sys.path.insert(0, str(ROOT)) from src.app_factory import create_app from src.database import db app = create_app() with app.app_context(): print('Creating tables...') db.create_all() print('Tables created')"
scripts/filter_oneline_merged.py,"#!/usr/bin/env python3 """"""Filter merged oneline CSV to remove unwanted paths (e.g., cache data). Usage: python scripts/filter_oneline_merged.py --in scripts/data/oneline_merged.csv --out scripts/data/oneline_merged.cleaned.csv """""" import argparse import csv from pathlib import Path DEFAULT_PATTERNS "
scripts/merge_oneline_to_csv.py,"#!/usr/bin/env python3 """"""Merge all '*.oneline' files into a single CSV. Columns: path, size_bytes, mtime_iso, content Usage: python scripts/merge_oneline_to_csv.py --root . --out scripts/data/oneline_merged.csv """""" import argparse import csv from pathlib import Path from datetime import datetime EX"
scripts/archive/app.py,"#!/usr/bin/env python3 """""" Flaskアプリケーションのメインエントリーポイント。 このファイルは、app_factoryを使用してFlaskアプリを起動します。 """""" import os import logging from src.app_factory import create_app import env_loader # ロギング設定 logging.basicConfig( level=logging.DEBUG, format='%(asctime)s - %(name)s - %(levelname)s - %(message)s', encod"
scripts/archive/demo_tasks.py,""""""" Demo Task Modules for Workflow Engine Testing デモ用タスクモジュール - ワークフローエンジンの動作確認用 """""" from typing import Dict, Any import time import random from src.services.framework.base_task import BaseTaskModule class DemoDataPreparer(BaseTaskModule): """"""デモ用データ準備タスク"""""" def __init__(self, config: Dict[str, Any] "
scripts/archive/run_app.py,"#!/usr/bin/env python3 # -*- coding: utf-8 -*- """""" Main entry point with DEBUG logging to file and console. Run the Flask app or execute a specific workflow via CLI arguments. """""" import sys import logging import os import argparse from pathlib import Path from datetime import datetime # Add project"
scripts/archive/scripts/check_claude_models.py,"import os import requests k = os.getenv('CLAUDE_API_KEY') print('CLAUDE_API_KEY present:', bool(k)) headers = {'x-api-key': k or '', 'anthropic-version': '2023-06-01'} try: r = requests.get('https://api.anthropic.com/v1/models', headers=headers, timeout=10) print('status', r.status_code) print(r.tex"
scripts/archive/scripts/check_encoding.py,"import os from pathlib import Path root = Path(__file__).resolve().parents[1] print(f""Scanning repository for non-UTF8 files under {root}..."") bad_files = [] cp932_ok = [] for p in root.rglob('*.py'): try: with open(p, 'rb') as f: data = f.read() data.decode('utf-8') except Exception as e_utf: try: "
scripts/archive/scripts/detect_encoding.py,"import os from pathlib import Path ROOT = Path(__file__).resolve().parents[1] text_files = [] for dirpath, dirnames, filenames in os.walk(ROOT): for fn in filenames: if fn.endswith('.py') or fn.endswith('.md') or fn.endswith('.txt'): text_files.append(Path(dirpath) / fn) bad_utf8 = [] cp932_ok = [] "
scripts/archive/scripts/run_claude_service_unit_checks.py,"import os import sys from types import SimpleNamespace from src.services.claude_service import ClaudeService class DummyResp: def __init__(self, status_code, json_data=None, text=''): self.status_code = status_code self._json = json_data self.text = text def json(self): if self._json is None: raise "
scripts/archive/scripts/run_registry_check.py,"import importlib importlib.invalidate_caches() import src.services.framework.service_registry as sr print('service_registry imported; registered modules count =', len(sr.service_registry._modules)) print('Sample modules:', list(sr.service_registry._modules.keys())[:20])"
scripts/rag/build_rag_dataset.py,"#!/usr/bin/env python3 """"""Build a simple RAG dataset CSV mapping file path -> one_line_summary. Usage: python scripts/build_rag_dataset.py --root . --out data/file_summaries.csv This script scans files under --root, extracts a short one-line summary for each text-like file, and writes a CSV with hea"
scripts/rag/README.md,One-click RAG generation Files: - `run_build_rag_dataset.bat` — Windows double-click batch: runs `build_rag_dataset.py` with default args and opens the CSV. - `run_build_rag_dataset.ps1` — PowerShell runnable equivalent (right-click -> Run with PowerShell). Behavior: - Both scripts run `scripts/rag/
src/app_factory.py,"#!/usr/bin/env python3 """""" Flaskアプリケーションファクトリ。 このモジュールは、Flaskアプリケーションのインスタンスを作成し、 必要な設定、データベース、ルートを初期化する役割を持ちます。 """""" import os import logging from flask import Flask from src.config import Config from src.database import db, init_db from src.routes import register_routes from src.services.search_ser"
src/blog_config.py,"import yaml import os import re from typing import Dict, Any, Optional def _resolve_env_vars(config: Dict[str, Any]) -> Dict[str, Any]: """"""Recursively resolves environment variable placeholders in the config."""""" for key, value in config.items(): if isinstance(value, dict): config[key] = _resolve_env"
src/blog_config_sync.py,""""""" Blog configuration synchronization utility. Syncs blog configuration from environment variables to the database. This ensures that Hatena blog credentials are available for article publishing. """""" import logging import os from typing import List, Tuple from src.database import db, Blog logger = "
src/config.py,""""""" 設定管理モジュール（単一ソース: repo_root/config/env.yml）。 env_loader.load() により YAML を OS 環境へ注入した前提で環境変数を参照します。 """""" import os import env_loader # --- 初期化処理 --- # google-authライブラリが空の環境変数をファイルパスとして誤認する問題への対策。 # GOOGLE_APPLICATION_CREDENTIALSが空文字で設定されている場合、環境変数から削除します。 # これにより、ライブラリがデフォルトの認証探索メカニズムを正しく利用できるようになり"
src/database.py,""""""" データベース設定とモデル定義。 このモジュールは、SQLAlchemyのインスタンス化、データベースモデルの定義、 およびデータベース初期化のための関数を提供します。 マルチテナント（複数ブログ）対応の新しいデータモデルを定義しています。 """""" import logging import os from flask import Flask from flask_sqlalchemy import SQLAlchemy from sqlalchemy import (Column, Integer, String, Text, DateTime, ForeignKey, Boolea"
src/quality.py,"""""""Quality & validation utilities. Provides: - 5W1H / experiential input sufficiency check before article generation - Article quality heuristics (title/body consistency, concreteness, length, emoji limits) Design notes: Heuristics are lightweight / regex based to avoid extra API calls and keep late"
src/rag.py,""""""" RAG (Retrieval-Augmented Generation) ユーティリティモジュール。 このモジュールは、Flaskから独立した、再利用可能なRAG機能を提供します。 TF-IDFベースの類似度検索により、テキストコーパスからの関連ドキュメント検索を実現します。 主な機能: - モデルの学習と保存 (RAGService.train_and_save_model) - 保存済みモデルを使用した類似検索 (RAGService.predict_with_model) - モデルの再学習が必要かどうかの判定 (RAGService.needs_retrain) - モデルのメ"
src/routes.py,""""""" APIルート定義モジュール。 アプリケーションの各エンドポイント（URL）を定義し、 対応するブループリントをFlaskアプリケーションに登録します。 """""" import logging import os import json from flask import Flask, jsonify from .routes_api import api_bp from .routes_health import health_bp from .routes_rag import rag_bp from .routes_posts import posts_bp from .routes"
src/routes_api.py,""""""" アプリケーションのデータアクセス用REST APIエンドポイント。 このモジュールは、ブログ記事、メッセージ、ユーザー統計などの リソースを外部から参照するためのAPIを提供します。 """""" import logging from flask import Blueprint, jsonify, request from sqlalchemy.exc import SQLAlchemyError from src.database import db, Message, BlogPost, User from datetime import datetime # ロガーの設定 logg"
src/routes_chat.py,"# --- チャンネル識別用ユーティリティ --- import base64 import hashlib import hmac from src.services.multi_channel_line_manager import multi_channel_manager from typing import Any, Optional, Dict def _verify_signature(body: str, signature: str, secret: str) -> bool: mac = hmac.new(secret.encode(), body.encode(), ha"
src/routes_dashboard.py,""""""" Blog Analytics Dashboard API データベースとログファイルから投稿履歴を集計し、 可視化ダッシュボードを提供します。 """""" import logging import os import re from datetime import datetime, timedelta from collections import Counter from flask import Blueprint, jsonify, render_template from sqlalchemy import func from sqlalchemy.exc import SQL"
src/routes_health.py,""""""" ヘルスチェックエンドポイント。 アプリケーションの健全性を外部から監視するためのAPIを提供します。 データベース接続や、連携している外部サービスの基本的な設定状態を確認します。 APIキーの動作テスト機能も含みます。 """""" import logging import os import requests from datetime import datetime from flask import Blueprint, jsonify from sqlalchemy.exc import SQLAlchemyError from src.config import Config f"
src/routes_logs.py,""""""" Logs Dashboard API ログファイルの閲覧と検索を提供するダッシュボード """""" import logging import os import json from pathlib import Path from flask import Blueprint, jsonify, render_template, request from typing import List, Dict, Any from datetime import datetime logger = logging.getLogger(__name__) logs_bp = Blueprint('"
src/routes_posts.py,""""""" ブログ記事（BlogPost）のCRUD操作に関連するAPIエンドポイント。 主に管理画面や外部ツールからの手動操作を想定しています。 """""" import logging from flask import Blueprint, request, jsonify from sqlalchemy.exc import SQLAlchemyError from src.database import db, BlogPost from datetime import datetime # ブループリントの作成 posts_bp = Blueprint('posts', __name__)"
src/routes_rag.py,""""""" RAG (Retrieval-Augmented Generation) 関連のAPIエンドポイント。 過去記事の検索、モデルの再学習、外部データソースとの同期など、 RAG機能に特化したAPIを提供します。 これらのエンドポイントは主に管理目的や、外部からの検索機能として利用されます。 """""" import re import os import logging from flask import Blueprint, request, jsonify from sqlalchemy.exc import SQLAlchemyError # ロガーの設定 logger = loggi"
src/routes_webhook.py,""""""" LINE Webhook ルート - バッチ処理強化版 従来版をベースにバッチ処理とフォトライフ統合を追加 """""" import base64 import hashlib import hmac import json import logging import os from typing import Any, Dict, Optional, Set import threading from flask import Blueprint, jsonify, request from src.handlers.event_router import EventRouter fro"
src/routes_webhook_chat.py,"from flask import Blueprint, request, jsonify import logging from collections import defaultdict, deque # Imports from routes_webhook.py import base64 import hashlib import hmac import json import os from typing import Any, Dict, Optional, Set import threading from src.handlers.event_router import E"
src/similarity.py,"""""""Similarity utilities (TF-IDF based) unified module. Provides lightweight ad-hoc similarity scoring for short text lists without requiring a persisted model file. Falls back to naive overlap scoring when scikit-learn is unavailable or vectorization fails. Usage: from src.similarity import tfidf_to"
src/.pytest_cache/README.md,"# pytest cache directory # This directory contains data from the pytest's cache plugin, which provides the `--lf` and `--ff` options, as well as the `cache` fixture. **Do not** commit this to version control. See [the docs](https://docs.pytest.org/en/stable/how-to/cache.html) for more information."
src/.vscode/settings.json,"{ ""python-envs.pythonProjects"": [ { ""path"": """", ""envManager"": ""ms-python.python:system"", ""packageManager"": ""ms-python.python:pip"" } ] }"
src/admin/admin_bp.py,"from flask import Blueprint, render_template, request, redirect, url_for, flash from src.database import db, BlogConfig admin_bp = Blueprint('admin', __name__, template_folder='../../templates', url_prefix='/admin') @admin_bp.route('/blogconfig') def blogconfig_list(): configs = db.session.query(Blo"
src/admin/envvars_bp.py,"from flask import Blueprint, render_template, request, redirect, url_for, flash import os from dotenv import dotenv_values envvars_bp = Blueprint('envvars', __name__, template_folder='../../templates', url_prefix='/admin') @envvars_bp.route('/envvars') def envvars_list(): # .env, .env.production の両方"
src/apps/article_generation/workflow.json,"{ ""workflow_name"": ""ArticleGenerationPipeline_V3"", ""description"": ""Rationalized workflow with explicit Manga Drawing stage and Fail-Fast engine."", ""trigger"": { ""type"": ""webhook"", ""source"": ""line"", ""url_prefix"": ""/api/webhook"", ""endpoint"": ""/line"", ""method"": ""POST"" }, ""steps"": [ { ""id"": ""fetch_data"","
src/framework/base_task.py,"from abc import ABC, abstractmethod from typing import Dict, Any class BaseTaskModule(ABC): """"""Abstract base class for all task modules in the workflow framework."""""" def __init__(self, config: Dict[str, Any]): """""" Initializes the task module with its configuration. Args: config (Dict[str, Any]): Con"
src/framework/base_trigger.py,"""""""Minimal base class for workflow triggers."""""" from abc import ABC, abstractmethod from typing import Any, Callable, Dict, Optional class BaseTrigger(ABC): def __init__(self, workflow_name: str, config: Dict[str, Any]): self.workflow_name = workflow_name self.config = config self._workflow_runner: "
src/framework/core.md,"# Workflow Engine Framework This document provides a guide to the lightweight, YAML-driven workflow engine. This framework is designed to orchestrate a series of modular, reusable tasks to create complex, automated processes. It is ideal for building applications that require a clear separation of c"
src/framework/service_registry.py,"import os import importlib import importlib.util import sys import logging from typing import Dict, Type from .base_task import BaseTaskModule logger = logging.getLogger(__name__) class ServiceRegistry: """"""Discovers and manages available task modules."""""" def __init__(self): self._modules: Dict[str, "
src/framework/task_runner.py,"import json import yaml import time import logging from pathlib import Path from typing import Dict, Any, List, Optional from .service_registry import service_registry from .workflow_visualizer import WorkflowVisualizer logger = logging.getLogger(__name__) class TaskRunner: """"""Executes a workflow de"
src/framework/trigger_registry.py,""""""" Trigger Registry - Manages discovery, registration, and execution of workflow triggers. This module provides a central registry for all trigger types and handles the loading of workflow definitions to automatically register their triggers. """""" import importlib import json import logging import o"
src/framework/workflow_visualizer.py,""""""" Workflow Visualizer - Mermaid フローチャート生成 ワークフロー定義と実行結果から Mermaid 記法の図を生成し、 視覚的にワークフローの構造とステータスを確認できるようにします。 """""" import json import yaml from pathlib import Path from typing import Dict, Any, Optional, List class WorkflowVisualizer: """"""ワークフローの可視化ユーティリティ"""""" @staticmethod def _load_workflow(workflow"
src/handlers/event_router.py,""""""" イベントルーター。 LINE Messaging APIから受信したイベントを、そのタイプに応じて 適切なハンドラに振り分ける役割を担います。 依存性の注入（DI）パターンを用いて、各ハンドラを注入できるように設計されています。 """""" import logging import os from typing import Any, Dict, Optional from src.handlers.text_handler import TextHandler from src.handlers.image_handler import ImageHandler from src.ha"
src/handlers/image_handler.py,""""""" 画像メッセージハンドラ。 LINEから受信した画像メッセージイベントを処理します。 画像のダウンロード、外部サービスへのアップロード、AIによる画像解析、 データベースへの保存、バッチ処理へのキューイングまでの一連の流れを担当します。 """""" import logging import os from datetime import datetime from pathlib import Path from typing import Dict, Any import requests from sqlalchemy.exc import SQLAlchemyError from s"
src/handlers/text_handler.py,""""""" テキストメッセージハンドラ。 LINEから受信したテキストメッセージイベントを処理します。 ユーザー情報を確認・作成し、メッセージをデータベースに保存後、 バッチ処理サービスに処理をキューイングします。 """""" import logging import re import os import subprocess from typing import Dict, Any from sqlalchemy.exc import SQLAlchemyError from src.database import db, User, Message from src.services.batc"
src/handlers/video_handler.py,""""""" 動画メッセージハンドラ。 LINEから受信した動画メッセージイベントを処理します。 動画のダウンロード、外部サービスへのアップロード、AIによる動画解析、 データベースへの保存、バッチ処理へのキューイングまでの一連の流れを担当します。 """""" import logging import os from datetime import datetime from pathlib import Path from typing import Dict, Any import requests from sqlalchemy.exc import SQLAlchemyError from s"
src/mcp_servers/imgur_server_fastmcp.py,""""""" Imgur MCP Server - FastMCP Implementation Imgurを使用した画像アップロード・管理サービス """""" import asyncio import base64 import logging import sys import os from typing import Dict, Any, Optional from pathlib import Path from datetime import datetime import requests # パスを追加 sys.path.append('/home/moto/line-gemini-h"
src/processes/blog_selection.py,"import re import json from typing import List, Dict, Any, Optional, Tuple class BlogSelectorProcess: """""" Pure process logic for Blog Selection. Handles command parsing, prompt creation, and response parsing. No IO, no DB, no API calls. """""" @staticmethod def parse_commands(texts: List[str]) -> Tuple["
src/routers/chrome_api_router.py,"from fastapi import APIRouter, HTTPException from pydantic import BaseModel from typing import Optional import os from src.services.chrome_api import call_gemini_api_via_chrome router = APIRouter() class ImageRequest(BaseModel): prompt: str bearer: Optional[str] = None @router.post(""/api/chrome/gemi"
src/routers/health.py,"from fastapi import APIRouter router = APIRouter() @router.get(""/health"") def health_check(): return {""status"": ""ok""} @router.get(""/ping"") def ping(): return ""pong"""
src/routers/logs_router.py,"from fastapi import APIRouter, HTTPException from fastapi.responses import JSONResponse import os import json from pathlib import Path from typing import List, Dict, Any router = APIRouter() LOGS_POSTS_DIR = Path(""logs/posts"") @router.get(""/api/logs/posts"") async def list_log_files() -> List[Dict[st"
src/routers/service_overview.py,"from fastapi import APIRouter, Query, HTTPException from typing import Any from pydantic import BaseModel from typing import Optional import os from src.services.chrome_api import call_gemini_api_via_chrome router = APIRouter(prefix=""/api/v1"") @router.post(""/articles/batch/process"") def articles_bat"
src/services/article_orchestrator.py,""""""" DEPRECATED: Legacy ArticleProcessingService shim. This module is kept temporarily to avoid import-time errors while migrating to WorkflowProcessingService. All calls are delegated to the workflow. """""" import logging import os from typing import Any, List, Optional from src.database import User l"
src/services/article_publisher_service.py,""""""" Simple article publisher service colocated with other service modules. Relocated from ``src.services.article.simple_article_publisher``. """""" import logging from typing import Optional, Dict, Any from src.database import Blog, BlogPost from src.services.hatena_service import HatenaService from sr"
src/services/batch_service.py,""""""" バッチ処理サービス。 ユーザーごとのメッセージを一定期間バッファリングし、タイマーを使って 遅延バッチ処理を行うサービスです。 このサービスはスレッドセーフに設計されています。 主な機能: - ユーザーからのメッセージをスレッドセーフなバッファに追加します。 - メッセージが追加されるたびに、ユーザーごとのタイマーをリセットします。 - タイマーが発火すると、収集されたメッセージを指定されたコールバック関数に渡して処理を実行します。 - 手動での即時処理や、安全なシャットダウン機能も提供します。 """""" from __future__ import annotations import"
src/services/blog_rag_service.py,""""""" ブログコンテンツRAG（Retrieval-Augmented Generation）統合サービス。 このサービスは、自己のブログコンテンツをRAGデータベースに取り込み、 類似記事の検索やシリーズ記事の文脈認識機能を提供します。 """""" import os import logging import requests import time import re import hashlib from typing import List, Dict, Tuple, Optional, Any from xml.etree import ElementTree as ET from d"
src/services/buffer_service.py,"import json import os import logging from typing import Optional, Dict logger = logging.getLogger(__name__) class BufferService: """""" Manages simple user buffers stored in a JSON file. """""" def __init__(self, data_path: str = ""data/v2_user_buffers.json""): self.data_path = data_path self._ensure_data_d"
src/services/chrome_api.py,"#!/usr/bin/env python3 """""" Chromeブラウザ経由でAPIにリクエストを送るモジュール。 ブラウザのセッションとクッキーを使ってAPIアクセスを行う。 """""" import os import time import json from typing import Optional, Dict, Any from selenium import webdriver from selenium.webdriver.chrome.options import Options from selenium.webdriver.chrome.service import Se"
src/services/claude4_service.py,""""""" Claude 4 API連携サービス。 Anthropic社のClaude 4 APIを利用したテキスト生成機能を提供します。 APIキーの読み込みと、SDKクライアントの初期化を管理します。 """""" import os import logging from typing import Optional from anthropic import Anthropic, APIError logger = logging.getLogger(__name__) class Claude4Service: """"""Anthropic Claude 4 APIとの連携を管理するサービスクラス"
src/services/claude_service.py,""""""" Minimal Claude (Anthropic) HTTP client wrapper. Usage: - Set environment `CLAUDE_API_KEY` with your API key. - Optionally set `CLAUDE_API_URL` to a custom endpoint. Defaults to Anthropic. - Optionally set `CLAUDE_MODEL`, default `claude-haiku-4`. """""" import os import logging import requests impo"
src/services/content_enhancer_service.py,""""""" Unified content enhancer built on top of multiple LLM providers. This module replaces the legacy ``src.services.article.content_enhancer_claude4`` location so that the enhancer lives alongside other service-level integrations. """""" from __future__ import annotations import logging import re impor"
src/services/content_enhancer_unified.py,""""""" ローカルLLM対応コンテンツ生成エンハンサー Gemini と ローカルLLM の両方でブログ記事を生成可能。 LLM_PROVIDER環境変数で自動切り替え。 """""" import logging import os from typing import Dict, Any, Optional, List logger = logging.getLogger(__name__) class ContentEnhancerLLMUnified: """""" 統合LLM（Gemini/ローカル）を使用したコンテンツ生成エンハンサー。 """""" def __init__(self, blog_c"
src/services/gemini_cookie_manager.py,"""""""Utilities to fetch cookies from a local Gemini API wrapper and format them for requests. The wrapper exposes `/api/cookies` (GET) which returns JSON like: { ""success"": true, ""cookies"": { ""google.com"": [ {""name"":""__Secure-1PSID"",""value"":""...""}, ...] } } This module provides a small helper to fetch"
src/services/gemini_image.py,"#!/usr/bin/env python3 """""" Gemini互換APIから画像を取得するためのモジュール。 """""" import os from pathlib import Path import requests import json from typing import Optional def get_gemini_image(prompt: str, api_url: str = ""http://localhost:3000/api/ask"", bearer: Optional[str] = None, timeout: int = 180, mode: Optional[s"
src/services/gemini_image_retriever.py,"import os import time import base64 import logging from pathlib import Path from typing import Optional import requests logger = logging.getLogger(__name__) class GeminiImageRetriever: """"""Retrieve images from a custom Gemini API endpoint. The retriever sends a prompt to the configured API and waits "
src/services/gemini_service.py,""""""" Refactored GeminiService with clear separation of concerns. Architecture: - GeminiService: Main interface (facade pattern) - CustomAPIClient: Handles custom API communication - ClaudeClient: Handles Claude API communication - Each client is independently testable and mockable """""" import logging "
src/services/groq_service.py,""""""" Groq API直接連携サービス。 Groq APIに直接呼び出して、テキスト生成などのAI機能を高速に提供します。 """""" import logging import os import time import requests from typing import Optional, Dict, Any logger = logging.getLogger(__name__) class GroqService: """""" Groq APIと直接連携し、テキスト生成機能を提供します。 """""" def __init__(self): """""" コンストラクタ。 環境変数からAPIキーを読"
src/services/hatena_blog_content_fetcher.py,"#!/usr/bin/env python3 # -*- coding: utf-8 -*- """""" Hatena Blog Content Fetcher はてなブログの記事URLから内容を取得し、キャッシュするユーティリティ """""" import logging import requests import re import hashlib import json from typing import Optional, Dict, Any from pathlib import Path from datetime import datetime, timedelta from bs4"
src/services/hatena_service.py,""""""" Hatena Blog service integration. """""" import os import logging import requests import hashlib import random import base64 from datetime import datetime from xml.etree import ElementTree from xml.dom import minidom from typing import Dict, Optional, List, Any from src.utils.markdown_converter impo"
src/services/imgur_service.py,""""""" Imgur連携サービス。 画像ファイルをImgurにアップロードし、公開URLを取得する機能を提供します。 OAuth 2.0 (Bearer Token) と Client-ID の両方の認証方式に対応しています。 """""" import os import logging from typing import Optional, Dict, Any import requests from requests.adapters import HTTPAdapter from urllib3.util.retry import Retry # ロガーの設定 logger = loggin"
src/services/legacy_gemini_service.py,""""""" Saved legacy GeminiService implementation before migration. This file preserves the previous, larger implementation so that we can migrate callers incrementally. Do not modify in normal flow. """""" """""" Gemini API直接連携サービス。 ChromeのCookieを使ってGeminiにアクセスします。 カスタムLLM API（/api/ask）が設定されている場合はそちらを優先利用します"
src/services/line_channel_utils.py,"import os import base64 import hashlib import hmac from typing import Optional, Dict, Any from src.services.multi_channel_line_manager import multi_channel_manager import logging def expand_channel_envvars(channel: Dict[str, Any]) -> Dict[str, Any]: """""" access_tokenやsecretが${...}形式なら環境変数展開した値を返す。 それ"
src/services/line_service.py,""""""" LINE Bot連携サービス。 LINE Messaging APIとの通信、メッセージの送受信、ユーザープロファイルの取得、 コンテンツのダウンロードなど、LINE Botに関連する一連の機能を提供します。 マルチチャンネル対応: 複数のLINEチャンネルからのリクエストを処理できます。 """""" import os import logging from pathlib import Path from datetime import datetime from linebot import LineBotApi from linebot.exceptions import Line"
src/services/local_llm_service.py,""""""" Local LLM Service LLM API Server (FastAPI) と連携し、ローカル（またはプライベートなバックエンド）での テキスト生成および画像解析を提供します。 非同期ジョブ形式のため、結果の取得にはポーリングを行います。 """""" import logging import requests import time import os from typing import Optional, Dict, Any logger = logging.getLogger(__name__) class LocalLLMService: """""" LLM API Ser"
src/services/magichour_service.py,""""""" Magic Hour画像生成サービス。 Magic Hour Python SDKを使用して、プロンプトから画像を生成します。 https://magichour.ai/ APIキーのローテーション機能を搭載： - 複数のAPIキーを環境変数に設定可能 - クレジット不足時に自動で次のキーに切り替え - ラウンドロビン方式でキーを使用 """""" import logging import os from typing import Optional, Dict, Any, List from magic_hour import Client logger = logging.getLog"
src/services/multi_channel_line_manager.py,""""""" マルチチャンネル対応のLINE管理サービス (v2 SDK) """""" import logging import yaml import os from typing import Optional, Dict, Any from linebot import LineBotApi, WebhookHandler logger = logging.getLogger(__name__) def _resolve_env_vars(config: Dict[str, Any]) -> Dict[str, Any]: """"""Recursively resolves environment "
src/services/note_service.py,""""""" note.com unofficial API integration. """""" import logging import requests import re import time from typing import Optional, Tuple, Dict, Any from pathlib import Path logger = logging.getLogger(__name__) class NoteService: def __init__(self, cookies: Dict[str, str]): self.cookies = cookies self.se"
src/services/prompt_templates.py,""""""" This module provides shared prompt templates and utility functions for generating prompts. """""" # Common rules to be used across multiple tasks COMMON_RULES = [ ""Use Markdown formatting."", ""Ensure the output is concise and clear."", ""Avoid redundant or contradictory instructions."", ""Adhere to the "
src/services/quality_service.py,"""""""QualityService wrapper around existing heuristic quality utilities. Separates concerns so that routing / pipeline code depends on a cohesive service rather than raw functions. This enables future replacement with ML-based evaluators without touching upstream flow. """""" from __future__ import annot"
src/services/rag_service.py,""""""" RAG（Retrieval-Augmented Generation）機能関連サービス。 このモジュールは、データベースから記事コンテンツを収集してRAGモデル用のコーパスを作成したり、 クエリに基づいて関連性の高い過去記事の情報を要約して提供する機能を持っています。 """""" import re import os import json import logging from typing import List, Dict, Any from sqlalchemy.exc import SQLAlchemyError from src.database import db, Art"
src/services/rakuten_api.py,"# -*- coding: utf-8 -*- """""" Rakuten API integration module. """""" import requests import os import json import logging import time from typing import List, Dict, Union, Optional, Any from urllib.parse import quote logger = logging.getLogger(__name__) RAKUTEN_APP_ID = os.getenv(""RAKUTEN_APP_ID"") RAKUTE"
src/services/search_service.py,""""""" Web検索サービス。 ddgs ライブラリを利用して、指定されたクエリでWeb検索を実行し、 関連情報を取得する機能を提供します。 """""" import logging import os import time from typing import List, Dict, Optional, Any from ddgs import DDGS logger = logging.getLogger(__name__) class SearchService: """""" ddgs ライブラリをラップし、Web検索機能を提供します。 APIの利用制限によるクールダウンを管理します。 """""" "
src/services/thumbnail_generator_service.py,""""""" サムネイル画像生成サービス。 Magic Hour APIで画像を生成し、Imgurにアップロードして、 ブログ記事用のサムネイル画像URLを提供します。 """""" import logging import os import time import requests from typing import Optional from enum import Enum from src.services.magichour_service import MagicHourService from src.services.imgur_service import ImgurService"
src/services/unified_llm_facade.py,""""""" 統合LLMファサード Gemini（クラウド）とローカルLLMの両方をサポートし、 設定で自動切り替え可能なファサード層。 用途に応じて最適なLLMを選択： - Gemini: 高品質が必要な場合 - LocalLLM: 無制限・オフラインで回したい場合 """""" import logging import os from typing import Optional, Dict, Any, List from enum import Enum logger = logging.getLogger(__name__) class LLMProvider(str, Enum): """"""LL"
src/services/unified_llm_service.py,""""""" Unified LLM service wrapper. Provides a common interface for text generation across multiple large language models (Anthropic Claude 4 and Google Gemini). This allows callers to switch providers by configuration while keeping business logic unchanged. """""" from __future__ import annotations impor"
src/services/workflow_processing_service.py,"import os import logging from typing import List, Any from datetime import datetime from src.framework.task_runner import TaskRunner from src.framework.service_registry import service_registry from src.utils import gemini_logger logger = logging.getLogger(__name__) class WorkflowProcessingService: """
src/services/framework/base_task.py,"from src.framework.base_task import BaseTaskModule # This file now proxies the new location in src/framework # This ensures that old imports still work, but the class identity is the same."
src/services/framework/base_trigger.py,"""""""Minimal base class for workflow triggers."""""" from abc import ABC, abstractmethod from typing import Any, Callable, Dict, Optional class BaseTrigger(ABC): def __init__(self, workflow_name: str, config: Dict[str, Any]): self.workflow_name = workflow_name self.config = config self._workflow_runner: "
src/services/framework/core.md,"# Workflow Engine Framework This document provides a guide to the lightweight, YAML-driven workflow engine. This framework is designed to orchestrate a series of modular, reusable tasks to create complex, automated processes. It is ideal for building applications that require a clear separation of c"
src/services/framework/service_registry.py,"import os import importlib import importlib.util import sys import logging from typing import Dict, Type from .base_task import BaseTaskModule logger = logging.getLogger(__name__) class ServiceRegistry: """"""Discovers and manages available task modules."""""" def __init__(self): self._modules: Dict[str, "
src/services/framework/trigger_registry.py,""""""" Trigger Registry - Manages discovery, registration, and execution of workflow triggers. This module provides a central registry for all trigger types and handles the loading of workflow definitions to automatically register their triggers. """""" import importlib import json import logging import o"
src/services/framework/workflow_visualizer.py,""""""" Workflow Visualizer - Mermaid フローチャート生成 ワークフロー定義と実行結果から Mermaid 記法の図を生成し、 視覚的にワークフローの構造とステータスを確認できるようにします。 """""" import json import yaml from pathlib import Path from typing import Dict, Any, Optional, List class WorkflowVisualizer: """"""ワークフローの可視化ユーティリティ"""""" @staticmethod def _load_workflow(workflow"
src/services/triggers/webhook_trigger.py,""""""" Webhook Trigger - Handles HTTP webhook requests to initiate workflows. This trigger registers Flask routes dynamically based on workflow configuration and executes workflows when webhook requests are received. """""" import base64 import hashlib import hmac import json import logging from typing im"
src/services/triggers/__init__.py,""""""" Triggers package - Contains all workflow trigger implementations. Available triggers: - WebhookTrigger: HTTP webhook-based trigger - TimerTrigger: Scheduled/cron-based trigger - ManualTrigger: CLI-based manual trigger """""" from .webhook_trigger import WebhookTrigger __all__ = ['WebhookTrigger']"
src/tasks/add_linked_sources_task.py,"import logging import re from typing import Dict, Any, List from src.framework.base_task import BaseTaskModule logger = logging.getLogger(__name__) class AddLinkedSourcesTask(BaseTaskModule): """""" Appends source links to the content. """""" def execute(self, inputs: Dict[str, Any]) -> Dict[str, Any]: """""
src/tasks/affiliate_linker_task.py,"import re import json import logging from typing import Dict, Any, List from src.framework.base_task import BaseTaskModule from src.services.gemini_service import GeminiService from src.services import rakuten_api logger = logging.getLogger(__name__) class AffiliateLinkerTask(BaseTaskModule): """""" Ad"
src/tasks/affiliate_link_adder_task.py,"import logging import re from typing import Dict, Any, List from src.framework.base_task import BaseTaskModule from src.services.gemini_service import GeminiService logger = logging.getLogger(__name__) class AffiliateLinkAdderTask(BaseTaskModule): """""" Adds affiliate links to product names in article"
src/tasks/amazon_link_remover_task.py,""""""" Amazon Link Remover Task - Removes or replaces Amazon links with Rakuten alternatives. """""" import logging import re import urllib.parse from typing import Dict, Any from src.framework.base_task import BaseTaskModule from src.services import rakuten_api logger = logging.getLogger(__name__) class "
src/tasks/article_cache_task.py,"import json import os import datetime from pathlib import Path from typing import Dict, Any from src.framework.base_task import BaseTaskModule class ArticleCacheTask(BaseTaskModule): """""" Caches the generated article data for potential reposting. Saves structured data instead of processed HTML conten"
src/tasks/article_concept_definer_task.py,"from typing import Dict, Any, List, Optional import logging import re __all__ = [""ArticleConceptDefinerTask""] from src.framework.base_task import BaseTaskModule from src.services.gemini_service import GeminiService logger = logging.getLogger(__name__) class ArticleConceptDefinerTask(BaseTaskModule):"
src/tasks/article_content_generator_task.py,"import logging import re from typing import Dict, Any, List, Optional from src.framework.base_task import BaseTaskModule from src.services.gemini_service import GeminiService import os logger = logging.getLogger(__name__) class ArticleContentGeneratorTask(BaseTaskModule): def __init__(self, config: "
src/tasks/article_reviewer_task.py,"import logging import re from typing import Dict, Any, List from src.framework.base_task import BaseTaskModule from src.services.gemini_service import GeminiService logger = logging.getLogger(__name__) class ArticleReviewer(BaseTaskModule): """""" Reviews article quality and provides feedback. """""" def "
src/tasks/article_reviser_task.py,"__all__ = [""ArticleReviser""] import logging from typing import Dict, Any, List from src.services.gemini_service import GeminiService from src.framework.base_task import BaseTaskModule logger = logging.getLogger(__name__) class ArticleReviser(BaseTaskModule): """"""Article Reviser Task"""""" def __init__(s"
src/tasks/article_strategy_planner_task.py,"from typing import Dict, Any, List, Optional import logging import json import re from src.framework.base_task import BaseTaskModule from src.services.gemini_service import GeminiService logger = logging.getLogger(__name__) class ArticleStrategyPlannerTask(BaseTaskModule): """""" Plans the article stru"
src/tasks/blog_context_resolver_task.py,"from typing import Dict, Any, Optional import logging from src.framework.base_task import BaseTaskModule from src.blog_config import BlogConfig from src.database import db, Blog logger = logging.getLogger(__name__) class BlogContextResolverTask(BaseTaskModule): """""" Guarantees that a blog context is "
src/tasks/blog_context_updater_task.py,"from typing import Dict, Any import logging from src.framework.base_task import BaseTaskModule logger = logging.getLogger(__name__) class BlogContextUpdaterTask(BaseTaskModule): """""" Updates the blog context with a new selection if valid, otherwise keeps the existing one. """""" def execute(self, inputs"
src/tasks/blog_selector_task.py,"from typing import Dict, Any, List, Optional, Tuple import logging import json import threading from src.framework.base_task import BaseTaskModule from src.processes.blog_selection import BlogSelectorProcess from src.services.unified_llm_facade import UnifiedLLMFacade from src.blog_config import Blo"
src/tasks/blog_selector_v2_task.py,"from typing import Dict, Any, List, Optional, Tuple import logging import re import json import os import threading from src.framework.base_task import BaseTaskModule from src.services.unified_llm_facade import UnifiedLLMFacade from src.blog_config import BlogConfig from src.database import db, Blog"
src/tasks/chat_history_manager.py,"from src.framework.base_task import BaseTaskModule class ChatHistoryManager(BaseTaskModule): """""" ユーザーごとの会話履歴をメモリ上で管理するタスク（簡易版） """""" _histories = {} def __init__(self, config=None): super().__init__(config or {}) def execute(self, inputs): user_id = inputs[""user_id""] message = inputs[""message""] role ="
src/tasks/clear_gemini_mode_task.py,"import logging from typing import Dict, Any from src.framework.base_task import BaseTaskModule from src.services.gemini_service import GeminiService logger = logging.getLogger(__name__) class ClearGeminiModeTask(BaseTaskModule): """""" Task to explicitly exit image generation mode and return to text mo"
src/tasks/command_parser_task.py,"from typing import Dict, Any, List import logging from src.framework.base_task import BaseTaskModule from src.utils.command_parser import CommandParser, CommandContext from src.services.buffer_service import BufferService from src.services.line_service import LineService logger = logging.getLogger(_"
src/tasks/conditional_branch_task.py,""""""" ConditionalBranchTask - Performs conditional branching in the workflow. """""" import logging from typing import Dict, Any from src.framework.base_task import BaseTaskModule logger = logging.getLogger(__name__) class ConditionalBranchTask(BaseTaskModule): """""" Performs conditional branching based on"
src/tasks/console_notifier_task.py,"from typing import Dict, Any from src.framework.base_task import BaseTaskModule class ConsoleNotifierTask(BaseTaskModule): """""" Simple notifier for testing: prints notification to stdout and returns success. Does not require Flask app context or DB access. """""" def execute(self, inputs: Dict[str, Any]"
src/tasks/database_fetcher_task.py,"from typing import Dict, Any, List from sqlalchemy.exc import SQLAlchemyError from src.framework.base_task import BaseTaskModule from src.database import db, User, Blog, Message, Asset class DatabaseFetcherTask(BaseTaskModule): """""" Task to fetch necessary data for an article batch from the database."
src/tasks/draft_persister_task.py,"import logging from typing import Dict, Any, List from sqlalchemy.exc import SQLAlchemyError from src.framework.base_task import BaseTaskModule from src.database import db, BlogPost, PostSourceMessage, Blog, User logger = logging.getLogger(__name__) class DraftPersisterTask(BaseTaskModule): """""" Pers"
src/tasks/fact_checker_task.py,"import re import json import logging from typing import Dict, Any, List from src.framework.base_task import BaseTaskModule from src.services.search_service import SearchService from src.services.gemini_service import GeminiService class FactCheckerTask(BaseTaskModule): """"""Adds a fact-check section w"
src/tasks/finalize_post_task.py,""""""" Finalize Post Task This task ensures that all assets are preserved and properly linked in the final blog post. """""" import logging from typing import Dict, Any from src.framework.base_task import BaseTaskModule logger = logging.getLogger(__name__) class FinalizePostTask(BaseTaskModule): """""" Ensur"
src/tasks/final_article_enricher_task.py,"import re import json import logging import requests import time from typing import Dict, Any, List, Optional from src.framework.base_task import BaseTaskModule from src.services.gemini_service import GeminiService from src.services import rakuten_api logger = logging.getLogger(__name__) class Final"
src/tasks/final_fact_cleanup_task.py,"import re import requests from typing import Dict, Any, List from src.framework.base_task import BaseTaskModule class FinalFactCleanupTask(BaseTaskModule): """""" Cleans up the reference/fact-check section of the article. """""" def __init__(self, config: Dict[str, Any]): super().__init__(config) def exec"
src/tasks/gemini_chat_responder.py,"from src.framework.base_task import BaseTaskModule class GeminiChatResponder(BaseTaskModule): """"""Generates an AI response from Gemini given a conversation history."""""" def __init__(self, config=None): super().__init__(config or {}) from src.services.gemini_service import GeminiService self.gemini = G"
src/tasks/gemini_chat_responder_task.py,"from typing import Dict, Any from src.framework.base_task import BaseTaskModule from src.services.gemini_service import GeminiService class GeminiChatResponder(BaseTaskModule): """""" Generates an AI reply using Gemini, given the conversation history. """""" def __init__(self, config: Dict[str, Any]): sup"
src/tasks/gemini_reset_task.py,"import logging import requests from typing import Dict, Any from src.framework.base_task import BaseTaskModule from src.services.gemini_service import GeminiService logger = logging.getLogger(__name__) class GeminiResetTask(BaseTaskModule): def execute(self, inputs: Dict[str, Any]) -> Dict[str, Any]"
src/tasks/hatena_publisher_task.py,"from typing import Dict, Any import json import os import re import logging from src.framework.base_task import BaseTaskModule from src.services.hatena_service import HatenaService from src.database import db, BlogPost, Blog from src.services.imgur_service import ImgurService from src.config import "
src/tasks/line_chat_reply_task.py,"from typing import Dict, Any from src.framework.base_task import BaseTaskModule from src.services.line_service import LineService class LineChatReplyTask(BaseTaskModule): """""" Sends a chat reply to the user via LINE. """""" def __init__(self, config: Dict[str, Any]): super().__init__(config) self.line_s"
src/tasks/line_notifier.py,"from src.framework.base_task import BaseTaskModule class LineNotifier(BaseTaskModule): """""" Sends messages to LINE. """""" def __init__(self, config=None): super().__init__(config or {}) from src.services.line_service import LineService self.line = LineService() def execute(self, inputs): user_id = inpu"
src/tasks/line_notifier_task.py,"from typing import Dict, Any, Optional import logging from src.framework.base_task import BaseTaskModule from src.services.line_service import LineService logger = logging.getLogger(__name__) class LineNotifierTask(BaseTaskModule): """""" Sends a notification to the user via LINE. """""" def __init__(self"
src/tasks/link_validator_task.py,"import re import requests import time from typing import Dict, Any from src.framework.base_task import BaseTaskModule class LinkValidatorTask(BaseTaskModule): """""" Checks all URLs in the article for dead/broken links. """""" def __init__(self, config: Dict[str, Any]): super().__init__(config) self.timeo"
src/tasks/local_publisher_task.py,"import os import json import time from typing import Dict, Any from src.framework.base_task import BaseTaskModule class LocalPublisherTask(BaseTaskModule): """""" Publishes content locally for testing. """""" def execute(self, inputs: Dict[str, Any]) -> Dict[str, Any]: title = inputs.get('title') content "
src/tasks/minimal_thumbnail_preparer_task.py,"from typing import Dict, Any from src.framework.base_task import BaseTaskModule class MinimalThumbnailPreparerTask(BaseTaskModule): """""" Creates a concise thumbnail prompt. """""" def execute(self, inputs: Dict[str, Any]) -> Dict[str, Any]: title = inputs.get('title', '') if not title: raise ValueError("
src/tasks/note_post_task.py,""""""" Note Post Task - Posts article as a draft to note.com. """""" import logging import os import json from typing import Dict, Any, Optional from src.framework.base_task import BaseTaskModule from src.services.note_service import NoteService logger = logging.getLogger(__name__) class NotePostTask(Base"
src/tasks/paragraph_extractor_task.py,"import logging import re from typing import Dict, Any, List from src.services.blog_rag_service import blog_rag_service from src.services.hatena_blog_content_fetcher import fetch_article_content from src.framework.base_task import BaseTaskModule logger = logging.getLogger(__name__) class ParagraphExt"
src/tasks/passthrough_task.py,""""""" Passthrough Task - Simply passes through inputs to outputs unchanged. Used for error handling and fallback scenarios where we want to use previous step outputs. """""" import logging from typing import Dict, Any from src.framework.base_task import BaseTaskModule logger = logging.getLogger(__name__)"
src/tasks/press_image_icon_task.py,"import logging from typing import Dict, Any from src.framework.base_task import BaseTaskModule from src.services.gemini_service import GeminiService logger = logging.getLogger(__name__) class PressImageIconTask(BaseTaskModule): """""" Task to instruct the browser extension to press the 'Create images' "
src/tasks/prompt_preparer_task.py,"import logging import os import re from typing import Dict, Any, List, Tuple from PIL import Image from src.framework.base_task import BaseTaskModule from src.services.imgur_service import ImgurService from src.database import db, Asset from sqlalchemy.exc import SQLAlchemyError logger = logging.get"
src/tasks/rag_similar_articles_fetcher.py,""""""" RAG Similar Articles Fetcher Task ユーザーの入力と記事コンセプトに基づき、RAGモデルから類似記事を検索します。 検索結果は、記事生成時のコンテキストとして使用されます。 """""" import logging import re from typing import Dict, Any, List, Optional from src.services.blog_rag_service import blog_rag_service from src.framework.base_task import BaseTaskModule from src."
src/tasks/rag_updater_task.py,""""""" RAGモデル自動更新タスク。 記事公開後にRAGモデルを自動的に更新し、 新しい記事を検索可能にします。 """""" import os import logging from typing import Dict, Any from src.framework.base_task import BaseTaskModule logger = logging.getLogger(__name__) class RagUpdaterTask(BaseTaskModule): """""" RAGモデルを更新するタスク。 """""" def execute(self, inputs: Dict[str,"
src/tasks/repost_context_preparer_task.py,""""""" RepostContextPreparerTask - Prepares context for regeneration from structured data. """""" import logging from typing import Dict, Any, Optional from src.framework.base_task import BaseTaskModule logger = logging.getLogger(__name__) class RepostContextPreparerTask(BaseTaskModule): """""" Prepares cont"
src/tasks/repost_mode_checker_task.py,""""""" RepostModeCheckerTask - リポストモードを判定し、構造化データIDを取得するタスク """""" import logging import os import json from typing import Dict, Any, Optional from sqlalchemy.exc import SQLAlchemyError from src.database import db, StructuredPost from src.framework.base_task import BaseTaskModule logger = logging.getLogge"
src/tasks/status_updater_task.py,"from typing import Dict, Any from datetime import datetime from sqlalchemy.exc import SQLAlchemyError from src.framework.base_task import BaseTaskModule from src.database import db, BlogPost class StatusUpdaterTask(BaseTaskModule): """""" Updates the status of a blog post in the database. """""" def execu"
src/tasks/structured_article_generator_task.py,""""""" StructuredArticleGeneratorTask - Generates an article from structured data. """""" import logging import re from typing import Dict, Any, Optional from src.framework.base_task import BaseTaskModule from src.services.gemini_service import GeminiService logger = logging.getLogger(__name__) class Stru"
src/tasks/structured_data_loader_task.py,""""""" StructuredDataLoaderTask - Loads structured data from the database/cache. """""" import logging import json from typing import Dict, Any from pathlib import Path from src.framework.base_task import BaseTaskModule logger = logging.getLogger(__name__) class StructuredDataLoaderTask(BaseTaskModule): """
src/tasks/style_memory_builder_task.py,""""""" Style Memory Builder Task Analyzes writing patterns from past articles to create a style profile. """""" import logging import re from typing import Dict, Any, List, Optional from src.framework.base_task import BaseTaskModule logger = logging.getLogger(__name__) class StyleMemoryBuilderTask(BaseTas"
src/tasks/thumbnail_generator_task.py,"from typing import Dict, Any import re from src.framework.base_task import BaseTaskModule from src.services.thumbnail_generator_service import ThumbnailGeneratorService class ThumbnailGeneratorTask(BaseTaskModule): """""" Generates a thumbnail for an article and prepends it to the content. """""" def __in"
src/tasks/video_summary_fetcher_task.py,"import requests import os import logging import re from typing import List, Dict, Any, Optional from src.framework.base_task import BaseTaskModule from src.services.gemini_service import GeminiService logger = logging.getLogger(__name__) class VideoSummaryFetcher(BaseTaskModule): """""" Fetches YouTube"
src/tasks/web_summary_fetcher_task.py,"import logging import requests from bs4 import BeautifulSoup from typing import List, Dict, Any from src.framework.base_task import BaseTaskModule from src.services.gemini_service import GeminiService class WebSummaryFetcher(BaseTaskModule): def __init__(self, config: Dict[str, Any]): super().__init"
src/tasks/__init__.py,"""""""Legacy tasks package. This package used to re-export task classes but importing modules here caused accidental imports from the wrong module path during discovery. Keep this file minimal to avoid side-effects. """""" # Intentionally empty to avoid side-effectful imports"
src/utils/command_parser.py,"import re from typing import List, Dict, Any, Optional from dataclasses import dataclass, asdict @dataclass class CommandContext: type: str = ""GENERATE"" # GENERATE, REPOST, SAVE_TO_BUFFER, GENERATE_FROM_BUFFER action: str = ""GENERATE"" target_blog: Optional[str] = None style_prompt: Optional[str] = N"
src/utils/gemini_logger.py,"import contextvars import logging import json import os import inspect from datetime import datetime from typing import Optional, Any # Context variable to hold the current log file path _gemini_log_file = contextvars.ContextVar(""gemini_log_file"", default=None) logger = logging.getLogger(__name__) d"
src/utils/markdown_converter.py,"import re import logging logger = logging.getLogger(__name__) def convert_custom_tags_to_markdown(text: str) -> str: """""" Converts custom tags (HTML-style and BBCode-style) to Markdown equivalents. Ensures high fidelity for Hatena Blog posting. Aggressively truncates long headings and strips AI junk."
src/utils/product_linker.py,"import re from typing import Dict, Optional def insert_product_links(text: str, product_links: Dict[str, str]) -> str: """""" 検出した[商品詳細：商品名はこちら]表現を、product_links辞書に基づきMarkdownリンクに変換。 product_links: {商品名: URL} URLが無い場合は注記を挿入。 """""" def replacer(match): product = match.group(1).strip() url = product_links."
src/workflows/article_generation.json,"{ ""workflow_name"": ""ArticleGenerationPipeline"", ""description"": ""A workflow to generate and publish a blog post from user messages."", ""trigger"": { ""type"": ""webhook"", ""source"": ""line"", ""url_prefix"": ""/api/webhook"", ""endpoint"": ""/line"", ""method"": ""POST"", ""description"": ""Triggered by LINE webhook events"
src/workflows/article_generation_v2.json,"{ ""workflow_name"": ""ArticleGenerationPipeline_V2"", ""description"": ""V2 workflow with improved command parsing and style prompt handling."", ""trigger"": { ""type"": ""webhook"", ""source"": ""line"", ""url_prefix"": ""/api/webhook"", ""endpoint"": ""/line"", ""method"": ""POST"", ""description"": ""Triggered by LINE webhook e"
src/workflows/article_generation_v3.json,"{ ""workflow_name"": ""ArticleGenerationPipeline_V3_Minimal"", ""description"": ""Minimal workflow to generate a thumbnail, upload it (Imgur), and publish a minimal local post for investigation."", ""trigger"": { ""type"": ""manual"", ""description"": ""Manual test trigger"" }, ""steps"": [ { ""id"": ""prepare_thumbnail_p"
src/workflows/chat_conversation.json,"{ ""workflow_name"": ""ChatConversationPipeline"", ""description"": ""A workflow to handle multi-turn chat with Gemini and LINE integration."", ""trigger"": { ""type"": ""webhook"", ""source"": ""line|chat"", ""url_prefix"": ""/api/webhook"", ""endpoint"": ""/chat"", ""method"": ""POST"", ""description"": ""Triggered by chat webhoo"
src/workflows/exceptions.py,""""""" Custom exceptions for the workflow system. """""" class WorkflowError(Exception): """"""Base exception for all workflow-related errors."""""" pass class WorkflowNotFoundError(WorkflowError): """"""Raised when a workflow definition is not found."""""" pass class WorkflowValidationError(WorkflowError): """"""Raised"
src/workflows/import json.py,"import json import re def extract_vars(expr): # ${var} または ${var.subkey} の ""var"" 部分を抽出 return set(re.findall(r""\$\{([a-zA-Z0-9_\.]+)"", json.dumps(expr))) def check_workflow(filepath): with open(filepath, encoding=""utf-8"") as f: wf = json.load(f) steps = wf[""steps""] step_ids = {s[""id""] for s in steps"
src/workflows/paragraph_extraction.json,"{ ""name"": ""Paragraph Extraction Workflow"", ""description"": ""Extracts paragraphs from latest articles based on keywords."", ""steps"": [ { ""id"": ""extract_paragraphs"", ""module"": ""ParagraphExtractor"", ""inputs"": { ""blog"": ""${initial_input.blog}"", ""search_keywords"": ""${initial_input.search_keywords}"", ""max_a"
src/workflows/registry.py,""""""" Workflow Registry: Discovers and manages workflow definitions. """""" import os import json import yaml import logging from typing import List, Dict, Any, Optional from src.workflows.exceptions import WorkflowNotFoundError logging.basicConfig(level=logging.INFO) logger = logging.getLogger(__name__)"
src/workflows/simple_hatena_flow.json,"{ ""workflow_name"": ""SimpleHatenaPipeline"", ""description"": ""A minimal workflow to generate a text post with a thumbnail and publish to Hatena."", ""trigger"": { ""type"": ""manual"", ""description"": ""Triggered manually via CLI"" }, ""steps"": [ { ""id"": ""generate_content"", ""module"": ""ArticleContentGenerator"", ""d"
src/workflows/validator.py,""""""" Workflow Validator: Ensures workflow definitions are well-formed and executable. """""" import logging from typing import List, Dict, Any, Tuple, Set # To check for module existence, we need a way to know where task modules are. # This is a placeholder for how we might locate the task modules. # A "
tests/conftest.py,"# Ensure project root is on sys.path so tests can import `src` import sys from pathlib import Path ROOT = Path(__file__).resolve().parents[1] if str(ROOT) not in sys.path: sys.path.insert(0, str(ROOT))"
tests/test_claude_service.py,"import os import pytest from src.services.claude_service import ClaudeService class DummyResp: def __init__(self, status_code, json_data=None, text=''): self.status_code = status_code self._json = json_data self.text = text def json(self): if self._json is None: raise ValueError('no json') return se"
tests/test_env_loader.py,"import os from pathlib import Path import tempfile import sys # ensure repo root is on sys.path for imports in test environment sys.path.insert(0, str(Path(__file__).resolve().parents[1])) from env_loader import _read_dotenv, load def test_read_dotenv_parses_key_value(tmp_path): f = tmp_path / "".env"
tests/test_final_article_enricher.py,"import os import json from src.tasks.final_article_enricher_task import FinalArticleEnricherTask def make_task(): return FinalArticleEnricherTask({}) def test_restore_original_affiliate(monkeypatch, tmp_path): task = make_task() content = ""# Title\n\nSome content\n\n## 🛒 おすすめ商品\n\n**[OldProduct](htt"
tests/test_gemini_cookie_manager.py,"import sys import os import pytest sys.path.insert(0, os.getcwd()) from src.services.gemini_cookie_manager import fetch_cookies_from_wrapper class DummyResp: def __init__(self, json_data, status=200): self._json = json_data self.status_code = status def json(self): return self._json def test_fetch_c"
tests/test_gemini_service_auto_init.py,"import os import sys # Ensure project root is on sys.path for imports in test environment sys.path.insert(0, os.path.abspath(os.path.join(os.path.dirname(__file__), '..'))) import src.services.gemini_service as gs import src.services.gemini_cookie_manager as gcm from src.services.gemini_service impo"
tests/test_gemini_service_claude4.py,"import pytest import os from types import SimpleNamespace # Ensure imports work in test runner def test_claude4_preferred_for_image_analysis(monkeypatch): called = {} class DummyClaude4: def __init__(self): self.model = 'dummy-4' def generate_content(self, prompt, max_tokens=None, temperature=None):"
tests/test_gemini_service_cookie_usage.py,"import sys import os import pytest import requests # Ensure the workspace root is on sys.path so 'src' package is importable in CI/pytest runs sys.path.insert(0, os.getcwd()) from types import SimpleNamespace def make_response(status=200, json_data=None): r = SimpleNamespace() r.status_code = status"
tests/test_gemini_service_custom_api_errors.py,"import os import sys import json import requests sys.path.insert(0, os.path.abspath(os.path.join(os.path.dirname(__file__), '..'))) from src.services.gemini_service import GeminiService def make_resp(status=500, text='error'): class R: status_code = status text = text def json(self): try: return jso"
tests/test_gemini_service_essential_cookies.py,"import sys import os import pytest sys.path.insert(0, os.getcwd()) from types import SimpleNamespace def test_gemini_service_passes_only_essential_cookies(monkeypatch): # Simulate fetch_cookies_from_wrapper returning many cookies def fake_fetch(api_root, timeout=10): return { '__Secure-1PSID': 'A', "
tests/test_gemini_service_fallback_behavior.py,"import sys import os import pytest import requests # Make sure 'src' package is importable sys.path.insert(0, os.getcwd()) def test_generate_text_no_fallback_raises_when_custom_api_fails(monkeypatch): """"""If the custom LLM API fails and fallback is disabled, generate_text should raise RuntimeError."""""
tests/test_gemini_service_internal_priority.py,"import sys import os import pytest # Ensure imports work sys.path.insert(0, os.getcwd()) class DummyGeminiClient: def __init__(self, cookies=None): self.cookies = cookies def generate_text(self, prompt): return ""internal gemini response"" def test_internal_gemini_client_preferred(monkeypatch): # Set "
tests/test_gemini_service_internal_priority_via_wrapper.py,"import sys import os import pytest # Ensure imports sys.path.insert(0, os.getcwd()) class DummyGeminiClient: def __init__(self, cookies=None): self.cookies = cookies def generate_text(self, prompt): return ""internal gemini response from wrapper"" def test_internal_gemini_client_initialized_from_wrapp"
tests/test_gemini_service_retry_behavior.py,"import os import sys import requests sys.path.insert(0, os.path.abspath(os.path.join(os.path.dirname(__file__), '..'))) from src.services.gemini_service import GeminiService class DummyResp: def __init__(self, status=200, data=None): self.status_code = status self._data = data or {'answer': 'ok'} de"
tests/test_hatena_publisher_images.py,"import os import types import json from src.tasks.hatena_publisher_task import HatenaPublisherTask class DummyResp: def __init__(self, status_code=201, text=""<entry></entry>""): self.status_code = status_code self.text = text def test_local_image_uploads_and_publish(monkeypatch, tmp_path): # Prepare "
tests/test_line_fallback.py,import pytest from linebot.exceptions import LineBotApiError from src.services.line_service import LineService def test_send_message_rate_limit_triggers_fallback(monkeypatch): svc = LineService(channel_access_token=None) # Monkeypatch the LineBotApiError used in the service to a simple test-friendly
tests/test_manual_api_curl.py,"#!/usr/bin/env python3 from __future__ import annotations """""" Manual test for the gemini-api-wrapper server API: only POST /api/new_chat. Usage: python tests/test_manual_api_curl.py --base http://localhost:3000 Equivalent curl: curl -v -X POST http://localhost:3000/api/new_chat -H ""Content-Type: app"
tests/test_rakuten_api.py,"import pytest from src.services import rakuten_api def test_token_fallback(monkeypatch): # Simulate search_products returning empty for full keyword, but returning products for token tokens calls = [] def fake_search_products(q, application_id=None, max_retries=5): calls.append(q) if q == ""full comp"
tests/test_task_runner_conditional.py,"import json import tempfile from src.framework.task_runner import TaskRunner def test_conditional_on_success_resolves_to_correct_step(): wf = { ""workflow_name"": ""test_conditional"", ""steps"": [ {""id"": ""start"", ""module"": ""PassthroughTask"", ""inputs"": {""flag"": True}, ""outputs"": {""flag"": ""flag""}, ""on_succ"
tests/test_task_runner_resolve_inputs.py,"import sys from pathlib import Path sys.path.insert(0, str(Path(__file__).resolve().parents[1])) from src.services.framework.task_runner import TaskRunner import pytest WORKFLOW_PATH = ""src/workflows/article_generation_v2.json"" def test_missing_context_variable_returns_none(): runner = TaskRunner(wo"
tests/test_task_runner_transitions.py,"import json import tempfile from src.framework.task_runner import TaskRunner def test_on_success_conditional_object_resolves(): # Workflow where the first step's on_success is a conditional object wf = { ""workflow_name"": ""test_conditional_on_success"", ""steps"": [ { ""id"": ""start"", ""module"": ""Passthrou"
tests/integration/test_workflow_save_draft_skipped.py,"import json from pathlib import Path import sys import tempfile sys.path.insert(0, str(Path(__file__).resolve().parents[2])) from src.services.framework.task_runner import TaskRunner def test_workflow_skips_publishing_when_draft_skipped(tmp_path): # Minimal workflow: save_draft -> post_to_hatena -> "
tests/processes/test_blog_selection.py,"import pytest from src.processes.blog_selection import BlogSelectorProcess class TestBlogSelectorProcess: def test_parse_commands_simple(self): texts = [""Hello"", ""!TechBlog"", ""#Serious"", ""World""] cleaned, cmd_kw, repost_kw, styles = BlogSelectorProcess.parse_commands(texts) assert cleaned == [""Hello"
tests/services/test_article_reviewer_none_blog.py,"import sys from pathlib import Path sys.path.insert(0, str(Path(__file__).resolve().parents[2])) import pytest import logging from src.services.tasks.article_reviewer_task import ArticleReviewer def test_article_reviewer_handles_none_blog(monkeypatch, caplog): caplog.set_level(logging.WARNING) # Pat"
tests/services/test_draft_persister_task.py,"import sys from pathlib import Path sys.path.insert(0, str(Path(__file__).resolve().parents[2])) import logging from src.services.tasks.draft_persister_task import DraftPersisterTask def test_draft_persister_skips_missing_inputs(caplog): caplog.set_level(logging.WARNING) task = DraftPersisterTask(co"
tests/services/test_draft_persister_task_extra.py,"import sys from pathlib import Path sys.path.insert(0, str(Path(__file__).resolve().parents[2])) import pytest from src.tasks.draft_persister_task import DraftPersisterTask from src.app_factory import create_app app = create_app() @pytest.fixture(scope='module') def app_context(): with app.app_conte"
tests/services/test_gemini_generate_adapter.py,"#!/usr/bin/env python3 import sys from pathlib import Path import json # Ensure repository root is on PYTHONPATH for tests sys.path.insert(0, str(Path(__file__).resolve().parents[2])) from src.services.gemini_service import GeminiService def test_generate_adapter_parses_json(monkeypatch): svc = Gemi"
tests/services/test_gemini_image_retriever.py,"import os import sys import tempfile import json from pathlib import Path # Ensure repo src is importable when running tests directly sys.path.insert(0, str(Path(__file__).resolve().parents[2])) import pytest import requests from src.services.gemini_image_retriever import GeminiImageRetriever class "
tests/services/test_gemini_service_newchat.py,"import sys from pathlib import Path sys.path.insert(0, str(Path(__file__).resolve().parents[2])) import requests from unittest.mock import MagicMock from src.services.gemini_service import GeminiService def test_generate_text_includes_new_chat(monkeypatch): captured = {} def fake_post(url, json=None"
tests/services/test_hatena_publisher_task.py,"import sys from pathlib import Path sys.path.insert(0, str(Path(__file__).resolve().parents[2])) import logging import pytest from src.services.tasks.hatena_publisher_task import HatenaPublisherTask def test_hatena_publisher_skips_none_post_id(caplog): caplog.set_level(logging.WARNING) task = Hatena"
tests/services/test_imgur_service.py,"import os import tempfile import base64 import requests import json import pytest from pathlib import Path import sys # ensure repo src is importable when running tests directly sys.path.insert(0, str(Path(__file__).resolve().parents[2])) from src.services.imgur_service import ImgurService class Moc"
tests/services/test_service_registry.py,"import pytest from src.services.framework.service_registry import service_registry def test_thumbnail_generator_is_registered(): cls = service_registry.get_module(""ThumbnailGenerator"") assert cls is not None assert cls.get_module_info()[""name""] == ""ThumbnailGenerator"""
tests/services/test_thumbnail_custom_api_newchat.py,"import sys from pathlib import Path sys.path.insert(0, str(Path(__file__).resolve().parents[2])) import requests from unittest.mock import MagicMock from src.services.thumbnail_generator_service import ThumbnailGeneratorService def test_generate_via_custom_api_includes_mode_and_new_chat(monkeypatch)"
tests/services/test_thumbnail_generator_service.py,"import os import sys from pathlib import Path # ensure repo src is importable when running tests directly sys.path.insert(0, str(Path(__file__).resolve().parents[2])) import time import tempfile import base64 import threading import pytest import requests from src.services.thumbnail_generator_servic"
tests/services/test_thumbnail_generator_service_downloads.py,"import os import sys from pathlib import Path # ensure repo src is importable when running tests directly sys.path.insert(0, str(Path(__file__).resolve().parents[2])) import time import tempfile import base64 import json import pytest from types import SimpleNamespace from src.services.thumbnail_gen"
tests/services/tasks/test_article_strategy_planner_task.py,"#!/usr/bin/env python3 import sys from pathlib import Path import json # Ensure repository root is on PYTHONPATH for tests sys.path.insert(0, str(Path(__file__).resolve().parents[3])) from src.services.tasks.article_strategy_planner_task import ArticleStrategyPlannerTask class DummyLLM: def __init__"
